UDI,Product_ID,Type,Air_temperature,Process_temperature,Rotational_speed,Torque,Tool_wear,Machine_failure,TWF,HDF,PWF,OSF,RNF
11,H29424,H,298.4,308.9,1782,23.9,24,0,0,0,0,0,0
12,H29425,H,298.6,309.1,1423,44.3,29,0,0,0,0,0,0
19,H29432,H,298.8,309.2,1306,54.5,50,0,0,0,0,0,0
21,H29434,H,298.9,309.3,1375,42.7,58,0,0,0,0,0,0
28,H29441,H,299.1,309.4,1811,24.6,77,0,0,0,0,0,0
39,H29452,H,298.9,309.2,1379,50.7,106,0,0,0,0,0,0
44,H29457,H,298.8,309.2,1372,48.5,120,0,0,0,0,0,0
49,H29462,H,298.8,309.2,1425,53.9,135,0,0,0,0,0,0
53,H29466,H,298.8,309.0,1497,43.8,147,0,0,0,0,0,0
68,H29481,H,298.8,308.9,1466,44.1,184,0,0,0,0,0,0
81,H29494,H,298.8,308.8,1445,49.9,4,0,0,0,0,0,0
87,H29500,H,299.0,309.0,1436,43.9,20,0,0,0,0,0,0
109,H29522,H,298.9,308.8,1621,32.7,75,0,0,0,0,0,0
112,H29525,H,298.7,308.6,1499,43.5,84,0,0,0,0,0,0
137,H29550,H,298.7,308.5,1420,45.7,143,0,0,0,0,0,0
139,H29552,H,298.8,308.6,1449,49.4,150,0,0,0,0,0,0
144,H29557,H,298.6,308.4,1407,50.5,164,0,0,0,0,0,0
147,H29560,H,298.5,308.4,1612,36.1,174,0,0,0,0,0,0
156,H29569,H,298.4,308.2,1987,19.8,198,0,0,0,0,0,0
158,H29571,H,298.4,308.2,1478,43.5,206,0,0,0,0,0,0
167,H29580,H,298.4,308.2,1612,32.6,10,0,0,0,0,0,0
168,H29581,H,298.4,308.3,1458,42.9,15,0,0,0,0,0,0
182,H29595,H,298.2,308.3,1824,24.2,49,0,0,0,0,0,0
193,H29606,H,298.2,308.4,1398,51.8,76,0,0,0,0,0,0
194,H29607,H,298.2,308.4,1678,34.6,81,0,0,0,0,0,0
197,H29610,H,298.3,308.6,1432,49.5,91,0,0,0,0,0,0
213,H29626,H,298.4,308.7,1344,52.9,130,0,0,0,0,0,0
222,H29635,H,298.4,308.5,1827,24.3,153,0,0,0,0,0,0
267,H29680,H,298.0,308.1,1440,43.7,37,0,0,0,0,0,0
269,H29682,H,297.9,308.0,1800,24.8,44,0,0,0,0,0,0
271,H29684,H,298.0,308.0,1520,39.6,51,0,0,0,0,0,0
278,H29691,H,298.0,308.0,1479,50.7,70,0,0,0,0,0,0
289,H29702,H,298.2,308.4,1385,42.2,98,0,0,0,0,0,0
294,H29707,H,298.1,308.5,1392,44.8,111,0,0,0,0,0,0
299,H29712,H,297.9,308.5,2129,18.7,126,0,0,0,0,0,0
303,H29716,H,297.8,308.4,1512,35.1,138,0,0,0,0,0,0
311,H29724,H,298.0,308.6,1526,41.8,160,0,0,0,0,0,0
321,H29734,H,297.8,308.4,1550,38.2,185,0,0,0,0,0,0
329,H29742,H,297.6,308.4,1703,31.4,205,0,0,0,0,0,0
330,H29743,H,297.7,308.5,1720,29.9,210,0,0,0,0,0,0
351,H29764,H,297.6,308.3,1400,44.3,43,0,0,0,0,0,0
354,H29767,H,297.5,308.3,1674,30.0,54,0,0,0,0,0,0
363,H29776,H,297.6,308.3,1640,30.9,79,0,0,0,0,0,0
370,H29783,H,297.5,308.4,1587,36.1,98,0,0,0,0,0,0
399,H29812,H,297.4,308.3,1502,43.6,169,0,0,0,0,0,0
442,H29855,H,297.5,308.5,1393,46.6,56,0,0,0,0,0,0
444,H29857,H,297.4,308.5,1469,45.1,63,0,0,0,0,0,0
452,H29865,H,297.5,308.6,1440,46.1,84,0,0,0,0,0,0
457,H29870,H,297.3,308.7,1478,47.6,98,0,0,0,0,0,0
461,H29874,H,297.3,308.6,1431,42.0,109,0,0,0,0,0,0
471,H29884,H,297.3,308.8,1499,44.2,134,0,0,0,0,0,0
472,H29885,H,297.3,308.8,1419,42.4,139,0,0,0,0,0,0
478,H29891,H,297.4,309.0,1468,41.4,156,0,0,0,0,0,0
496,H29909,H,297.5,309.3,1459,49.7,201,0,0,0,0,0,0
508,H29921,H,297.8,309.4,1445,48.2,10,0,0,0,0,0,0
536,H29949,H,297.4,309.3,1365,52.4,76,0,0,0,0,0,0
538,H29951,H,297.4,309.3,1516,43.0,83,0,0,0,0,0,0
544,H29957,H,297.5,309.3,1563,36.1,100,0,0,0,0,0,0
555,H29968,H,297.5,309.4,1368,45.3,129,0,0,0,0,0,0
565,H29978,H,297.6,309.6,1669,32.1,155,0,0,0,0,0,0
566,H29979,H,297.7,309.7,1570,35.8,160,0,0,0,0,0,0
577,H29990,H,297.7,309.7,1440,51.1,191,0,0,0,0,0,0
584,H29997,H,297.7,309.6,1697,32.2,210,0,0,0,0,0,0
585,H29998,H,297.6,309.6,1419,48.2,215,0,0,0,0,0,0
588,H30001,H,297.6,309.5,1623,33.1,224,0,0,0,0,0,0
592,H30005,H,297.5,309.3,1525,41.7,235,0,0,0,0,0,0
593,H30006,H,297.5,309.5,1668,27.9,240,0,0,0,0,0,0
595,H30008,H,297.6,309.6,1278,50.4,2,0,0,0,0,0,0
598,H30011,H,297.6,309.6,1428,46.6,13,0,0,0,0,0,0
600,H30013,H,297.7,309.7,1616,31.1,20,0,0,0,0,0,0
617,H30030,H,298.1,309.9,1686,29.1,60,0,0,0,0,0,0
619,H30032,H,298.2,310.0,1433,44.2,68,0,0,0,0,0,0
625,H30038,H,298.3,310.1,1509,37.6,85,0,0,0,0,0,0
633,H30046,H,298.3,310.0,1419,47.1,105,0,0,0,0,0,0
645,H30058,H,297.7,309.4,1608,30.2,135,0,0,0,0,0,0
649,H30062,H,297.7,309.3,1400,48.9,147,0,0,0,0,0,0
670,H30083,H,297.5,308.9,1471,37.7,197,0,0,0,0,0,0
677,H30090,H,297.9,309.2,1577,34.7,5,0,0,0,0,0,0
683,H30096,H,297.8,309.0,1410,48.8,23,0,0,0,0,0,0
689,H30102,H,297.6,309.0,1735,26.4,41,0,0,0,0,0,0
690,H30103,H,297.6,309.0,1354,55.6,46,0,0,0,0,0,0
691,H30104,H,297.6,309.0,1413,40.2,51,0,0,0,0,0,0
700,H30113,H,297.5,308.7,1416,39.2,74,0,0,0,0,0,0
704,H30117,H,297.7,308.9,1479,40.9,87,0,0,0,0,0,0
717,H30130,H,297.4,308.6,1420,45.8,120,0,0,0,0,0,0
728,H30141,H,297.3,308.6,1499,37.6,147,0,0,0,0,0,0
735,H30148,H,297.0,308.4,1305,54.6,168,0,0,0,0,0,0
738,H30151,H,296.9,308.3,1474,39.2,177,0,0,0,0,0,0
749,H30162,H,296.7,308.1,1528,46.3,203,0,0,0,0,0,0
756,H30169,H,296.8,308.1,1492,43.7,222,0,0,0,0,0,0
772,H30185,H,296.8,308.0,1311,58.6,19,0,0,0,0,0,0
773,H30186,H,296.8,308.0,1453,51.0,24,0,0,0,0,0,0
784,H30197,H,296.7,307.9,1579,33.4,50,0,0,0,0,0,0
795,H30208,H,296.9,307.9,1547,32.6,79,0,0,0,0,0,0
804,H30217,H,296.9,307.8,1549,37.8,104,0,0,0,0,0,0
835,H30248,H,296.6,307.4,1333,50.2,177,0,0,0,0,0,0
839,H30252,H,296.6,307.4,1406,41.5,189,0,0,0,0,0,0
850,H30263,H,296.4,307.4,1586,35.5,0,0,0,0,0,0,0
860,H30273,H,296.2,307.0,1542,40.6,28,0,0,0,0,0,0
861,H30274,H,296.1,306.9,1541,32.6,33,0,0,0,0,0,0
863,H30276,H,296.1,306.8,1645,31.0,41,0,0,0,0,0,0
868,H30281,H,295.9,306.5,1594,33.2,55,0,0,0,0,0,0
888,H30301,H,295.7,306.2,2161,16.5,105,0,0,0,0,0,0
900,H30313,H,295.6,306.2,1329,55.3,135,0,0,0,0,0,0
902,H30315,H,295.6,306.1,1256,62.3,142,0,0,0,0,0,0
905,H30318,H,295.7,306.2,1458,49.8,151,0,0,0,0,0,0
922,H30335,H,295.5,305.9,1593,37.2,197,0,0,0,0,0,0
926,H30339,H,295.6,306.1,1623,30.9,210,0,0,0,0,0,0
928,H30341,H,295.6,306.0,1396,52.4,0,0,0,0,0,0,0
952,H30365,H,295.6,306.3,1509,35.8,60,0,0,0,0,0,0
955,H30368,H,295.6,306.2,1414,42.5,69,0,0,0,0,0,0
957,H30370,H,295.6,306.2,1632,32.2,76,0,0,0,0,0,0
987,H30400,H,296.4,307.1,1638,32.5,146,0,0,0,0,0,0
989,H30402,H,296.3,307.1,1774,25.9,154,0,0,0,0,0,0
1005,H30418,H,296.3,307.2,1424,42.0,196,0,0,0,0,0,0
1034,H30447,H,296.4,307.5,1556,38.0,62,0,0,0,0,0,0
1038,H30451,H,296.4,307.5,1596,35.1,75,0,0,0,0,0,0
1046,H30459,H,296.4,307.5,1403,52.8,94,0,0,0,0,0,0
1055,H30468,H,296.8,307.8,1627,30.5,117,0,0,0,0,0,0
1061,H30474,H,296.7,307.9,1424,53.8,133,0,0,0,0,0,0
1076,H30489,H,296.9,307.8,1345,54.5,172,0,0,0,0,0,0
1079,H30492,H,296.9,307.7,1656,30.8,181,0,0,0,0,0,0
1083,H30496,H,297.1,307.9,1420,39.8,192,0,0,0,0,0,0
1088,H30501,H,296.9,307.8,1549,35.8,206,1,1,0,0,0,0
1098,H30511,H,296.9,307.5,1397,48.3,22,0,0,0,0,0,0
1101,H30514,H,296.8,307.5,1695,30.0,33,0,0,0,0,0,0
1102,H30515,H,296.7,307.5,1607,33.6,38,0,0,0,0,0,0
1112,H30525,H,296.5,307.4,1432,49.2,64,0,0,0,0,0,0
1115,H30528,H,296.4,307.3,1540,37.4,75,0,0,0,0,0,0
1121,H30534,H,296.6,307.7,1654,31.0,91,0,0,0,0,0,0
1124,H30537,H,296.6,307.7,1386,62.3,100,1,0,0,1,0,0
1154,H30567,H,297.0,307.9,1448,45.6,172,0,0,0,0,0,0
1156,H30569,H,297.0,307.9,1846,27.3,179,0,0,0,0,0,0
1157,H30570,H,297.0,307.8,1404,40.7,184,0,0,0,0,0,0
1161,H30574,H,297.0,307.7,1834,23.8,195,0,0,0,0,0,0
1172,H30585,H,297.0,308.1,1517,41.4,222,0,0,0,0,0,0
1174,H30587,H,297.1,308.0,1559,38.8,229,0,0,0,0,0,0
1181,H30594,H,297.3,308.4,1531,35.6,16,0,0,0,0,0,0
1199,H30612,H,296.9,307.9,1557,36.5,63,0,0,0,0,0,0
1204,H30617,H,297.0,308.1,1410,47.6,79,0,0,0,0,0,0
1207,H30620,H,296.9,308.0,1318,53.5,88,0,0,0,0,0,0
1210,H30623,H,297.0,308.1,2540,13.3,98,0,0,0,0,0,0
1212,H30625,H,296.9,308.0,1416,46.9,105,0,0,0,0,0,0
1226,H30639,H,297.1,308.3,1492,41.5,141,0,0,0,0,0,0
1235,H30648,H,297.2,308.5,2440,14.0,166,0,0,0,0,0,0
1236,H30649,H,297.1,308.4,1654,31.4,171,0,0,0,0,0,0
1237,H30650,H,297.1,308.4,1359,46.6,176,0,0,0,0,0,0
1240,H30653,H,297.2,308.5,1482,39.3,187,0,0,0,0,0,0
1247,H30660,H,297.2,308.5,1653,33.3,207,0,0,0,0,0,0
1255,H30668,H,297.5,308.8,1430,49.4,2,0,0,0,0,0,0
1256,H30669,H,297.5,308.9,1419,50.7,7,0,0,0,0,0,0
1262,H30675,H,297.6,309.0,1885,25.2,24,0,0,0,0,0,0
1263,H30676,H,297.8,309.2,1648,33.0,29,0,0,0,0,0,0
1272,H30685,H,298.0,309.4,1490,40.5,53,0,0,0,0,0,0
1273,H30686,H,298.0,309.4,1562,38.1,58,0,0,0,0,0,0
1275,H30688,H,298.1,309.5,1530,40.2,65,0,0,0,0,0,0
1281,H30694,H,298.3,309.5,1521,37.1,84,0,0,0,0,0,0
1282,H30695,H,298.3,309.5,1427,54.3,89,0,0,0,0,0,0
1294,H30707,H,298.7,309.8,1582,33.4,121,0,0,0,0,0,0
1323,H30736,H,298.9,310.1,1452,49.9,187,0,0,0,0,0,0
1326,H30739,H,298.8,310.1,1567,36.8,197,0,0,0,0,0,0
1330,H30743,H,298.8,310.2,1663,30.4,209,0,0,0,0,0,0
1332,H30745,H,298.9,310.2,1771,26.8,216,0,0,0,0,0,0
1338,H30751,H,298.7,310.2,1613,36.0,0,0,0,0,0,0,0
1361,H30774,H,298.8,310.2,1707,27.6,56,0,0,0,0,0,0
1369,H30782,H,298.8,310.3,1708,27.1,78,0,0,0,0,0,0
1379,H30792,H,298.8,310.2,1455,44.9,107,0,0,0,0,0,0
1389,H30802,H,298.9,310.1,1491,45.3,133,0,0,0,0,0,0
1401,H30814,H,298.9,310.1,1366,62.7,161,0,0,0,0,0,0
1402,H30815,H,298.9,310.2,1532,37.7,166,0,0,0,0,0,0
1436,H30849,H,298.8,309.9,1526,42.1,30,0,0,0,0,0,0
1437,H30850,H,298.8,309.8,1510,44.2,35,0,0,0,0,0,0
1438,H30851,H,298.8,309.9,1439,45.2,40,1,0,0,0,0,0
1450,H30863,H,299.0,310.4,1677,30.8,73,0,0,0,0,0,0
1496,H30909,H,297.9,308.5,1383,44.6,184,0,0,0,0,0,0
1513,H30926,H,298.0,308.7,1503,36.3,5,0,0,0,0,0,0
1519,H30932,H,298.2,309.0,1371,55.7,23,0,0,0,0,0,0
1523,H30936,H,298.2,309.0,1562,37.7,36,0,0,0,0,0,0
1528,H30941,H,298.1,309.1,1425,44.5,49,0,0,0,0,0,0
1532,H30945,H,298.1,309.0,1438,41.4,60,0,0,0,0,0,0
1557,H30970,H,298.4,308.5,1398,47.1,122,0,0,0,0,0,0
1583,H30996,H,298.1,308.3,1530,42.0,184,0,0,0,0,0,0
1603,H31016,H,297.8,307.9,1600,33.5,13,0,0,0,0,0,0
1617,H31030,H,297.8,307.8,1662,30.7,48,0,0,0,0,0,0
1623,H31036,H,297.7,307.6,1538,38.3,63,0,0,0,0,0,0
1635,H31048,H,297.9,307.9,1406,58.5,93,0,0,0,0,0,0
1643,H31056,H,298.0,307.8,1588,35.4,114,0,0,0,0,0,0
1650,H31063,H,298.0,307.9,1482,37.8,132,0,0,0,0,0,0
1653,H31066,H,297.9,307.8,1635,34.0,142,0,0,0,0,0,0
1659,H31072,H,298.1,308.0,1570,35.3,159,0,0,0,0,0,0
1663,H31076,H,298.2,307.9,1462,45.5,171,0,0,0,0,0,0
1666,H31079,H,298.2,307.9,1491,39.7,181,0,0,0,0,0,0
1677,H31090,H,297.9,307.6,1418,43.0,207,0,0,0,0,0,0
1683,H31096,H,297.9,307.4,1604,36.1,225,1,1,0,0,0,0
1687,H31100,H,297.9,307.3,1663,28.7,7,0,0,0,0,0,0
1694,H31107,H,298.0,307.5,1683,27.8,26,0,0,0,0,0,0
1733,H31146,H,298.4,307.9,1700,28.2,120,0,0,0,0,0,0
1739,H31152,H,298.4,307.9,1948,21.4,136,0,0,0,0,0,0
1740,H31153,H,298.5,307.9,1260,54.2,141,0,0,0,0,0,0
1749,H31162,H,298.4,307.7,1626,31.1,166,0,0,0,0,0,1
1760,H31173,H,298.0,307.4,1606,35.2,195,0,0,0,0,0,0
1763,H31176,H,298.2,307.6,1460,48.6,204,0,0,0,0,0,0
1765,H31178,H,298.2,307.6,1318,55.7,0,0,0,0,0,0,0
1771,H31184,H,298.4,307.9,1605,31.0,18,0,0,0,0,0,0
1778,H31191,H,298.6,308.2,1555,36.8,36,0,0,0,0,0,0
1784,H31197,H,298.3,308.0,1553,41.0,52,0,0,0,0,0,0
1797,H31210,H,298.1,307.6,1542,37.1,84,0,0,0,0,0,0
1803,H31216,H,298.1,307.6,1496,44.1,104,0,0,0,0,0,0
1806,H31219,H,298.1,307.7,1376,56.2,113,0,0,0,0,0,0
1807,H31220,H,298.0,307.6,1593,32.2,118,0,0,0,0,0,0
1827,H31240,H,297.8,307.3,1516,40.1,166,0,0,0,0,0,0
1836,H31249,H,297.8,307.3,1555,35.8,190,0,0,0,0,0,0
1843,H31256,H,297.7,307.1,1855,22.5,7,0,0,0,0,0,0
1847,H31260,H,297.7,307.3,1514,38.6,19,0,0,0,0,0,0
1849,H31262,H,297.7,307.2,1429,44.1,26,0,0,0,0,0,0
1856,H31269,H,297.7,307.3,1249,62.8,47,0,0,0,0,0,0
1890,H31303,H,297.7,307.4,1432,40.2,132,0,0,0,0,0,0
1895,H31308,H,297.9,307.5,1880,23.3,146,0,0,0,0,0,0
1901,H31314,H,297.9,307.6,1493,36.0,161,0,0,0,0,0,0
1911,H31324,H,298.0,307.7,1547,36.8,186,0,0,0,0,0,0
1928,H31341,H,298.0,307.8,1314,47.8,19,0,0,0,0,0,0
1958,H31371,H,297.9,307.7,1618,35.9,92,0,0,0,0,0,0
1959,H31372,H,297.9,307.7,1464,43.2,97,0,0,0,0,0,0
1970,H31383,H,297.8,307.5,1631,31.3,124,0,0,0,0,0,0
1980,H31393,H,298.0,307.6,1420,45.8,150,0,0,0,0,0,0
1989,H31402,H,298.3,307.9,1420,39.2,176,0,0,0,0,0,0
1999,H31412,H,298.3,308.0,1637,30.8,2,0,0,0,0,0,0
2021,H31434,H,298.7,308.4,1560,33.3,53,0,0,0,0,0,0
2034,H31447,H,298.8,308.5,1359,47.6,85,0,0,0,0,0,0
2038,H31451,H,299.0,308.7,1940,19.9,98,0,0,0,0,0,0
2060,H31473,H,299.5,309.4,1386,44.4,154,0,0,0,0,0,0
2070,H31483,H,299.7,309.6,1553,41.0,179,0,0,0,0,0,0
2083,H31496,H,299.4,309.2,1513,36.1,212,0,0,0,0,0,0
2084,H31497,H,299.4,309.3,1743,28.2,0,0,0,0,0,0,0
2087,H31500,H,299.4,309.3,1439,49.7,9,0,0,0,0,0,0
2109,H31522,H,299.4,309.0,1415,51.7,62,0,0,0,0,0,0
2111,H31524,H,299.3,309.0,1508,35.0,70,0,0,0,0,0,0
2115,H31528,H,299.4,309.1,1373,44.1,81,0,0,0,0,0,0
2118,H31531,H,299.4,308.9,1762,29.3,91,0,0,0,0,0,0
2119,H31532,H,299.3,308.9,1429,43.0,96,0,0,0,0,0,0
2121,H31534,H,299.2,308.8,1908,21.3,104,0,0,0,0,0,0
2128,H31541,H,299.3,309.0,1425,40.6,123,0,0,0,0,0,0
2130,H31543,H,299.4,309.0,1607,33.7,130,0,0,0,0,0,0
2134,H31547,H,299.3,309.0,1732,29.7,141,0,0,0,0,0,0
2151,H31564,H,299.3,308.8,1636,35.5,180,0,0,0,0,0,0
2154,H31567,H,299.3,308.8,1397,45.4,191,0,0,0,0,0,0
2168,H31581,H,299.6,309.1,1588,41.3,0,0,0,0,0,0,0
2181,H31594,H,299.6,309.2,1597,36.3,35,0,0,0,0,0,0
2182,H31595,H,299.5,309.1,1548,44.3,40,0,0,0,0,0,0
2190,H31603,H,299.7,309.2,1554,41.6,62,0,0,0,0,0,0
2209,H31622,H,299.8,309.2,1435,42.6,111,0,0,0,0,0,0
2215,H31628,H,299.7,309.2,1355,44.8,127,0,0,0,0,0,0
2216,H31629,H,299.7,309.2,1468,49.6,132,0,0,0,0,0,0
2229,H31642,H,299.4,308.6,1542,41.8,166,0,0,0,0,0,0
2252,H31665,H,299.1,308.3,1424,43.4,16,0,0,0,0,0,0
2253,H31666,H,299.1,308.3,1451,42.8,21,0,0,0,0,0,0
2261,H31674,H,299.1,308.3,1521,36.5,40,0,0,0,0,0,0
2278,H31691,H,299.3,308.7,1408,44.4,82,0,0,0,0,0,0
2306,H31719,H,299.2,308.5,1342,47.5,147,0,0,0,0,0,0
2308,H31721,H,299.0,308.5,1623,33.5,154,0,0,0,0,0,0
2321,H31734,H,299.2,308.8,1440,39.1,188,0,0,0,0,0,0
2357,H31770,H,299.3,308.6,1498,39.5,47,0,0,0,0,0,0
2361,H31774,H,299.2,308.4,1388,53.2,59,0,0,0,0,0,0
2363,H31776,H,299.3,308.6,1520,41.4,67,0,0,0,0,0,0
2380,H31793,H,299.1,308.2,1450,46.1,112,0,0,0,0,0,0
2401,H31814,H,299.2,308.6,1462,55.0,163,0,0,0,0,0,0
2404,H31817,H,299.2,308.7,1448,51.4,173,0,0,0,0,0,0
2421,H31834,H,298.8,308.2,1450,44.7,14,0,0,0,0,0,0
2437,H31850,H,299.0,308.2,1662,30.4,55,0,0,0,0,0,0
2446,H31859,H,299.2,308.7,1375,55.1,78,0,0,0,0,0,0
2477,H31890,H,298.9,308.4,1449,42.4,149,0,0,0,0,0,0
2485,H31898,H,298.8,308.6,1524,37.7,170,0,0,0,0,0,0
2488,H31901,H,298.9,308.6,1623,31.0,180,0,0,0,0,0,0
2490,H31903,H,298.9,308.7,1500,41.6,187,0,0,0,0,0,0
2491,H31904,H,299.1,308.8,1566,46.6,192,0,0,0,0,0,0
2493,H31906,H,299.0,308.8,1382,58.5,199,0,0,0,0,0,0
2508,H31921,H,299.2,309.1,1410,47.1,9,0,0,0,0,0,0
2538,H31951,H,298.9,308.7,1353,48.1,79,0,0,0,0,0,0
2542,H31955,H,299.1,308.8,1553,32.6,90,0,0,0,0,0,0
2543,H31956,H,299.2,308.9,1712,26.4,95,0,0,0,0,0,0
2553,H31966,H,299.3,309.1,1552,40.7,120,0,0,0,0,0,0
2570,H31983,H,299.5,309.2,1872,22.6,162,0,0,0,0,0,0
2594,H32007,H,298.9,308.5,1415,54.0,6,0,0,0,0,0,0
2607,H32020,H,299.4,309.3,1534,37.5,39,0,0,0,0,0,0
2611,H32024,H,299.4,309.1,1547,40.9,50,0,0,0,0,0,0
2625,H32038,H,299.7,309.5,1375,46.8,86,0,0,0,0,0,0
2629,H32042,H,299.9,309.6,1410,51.2,98,0,0,0,0,0,0
2632,H32045,H,300.0,309.7,1529,42.4,107,0,0,0,0,0,0
2636,H32049,H,299.9,309.6,1462,51.0,119,0,0,0,0,0,0
2642,H32055,H,299.8,309.5,1420,46.7,136,0,0,0,0,0,0
2646,H32059,H,299.9,309.5,1547,38.5,148,0,0,0,0,0,0
2660,H32073,H,299.8,309.3,1595,32.1,183,0,0,0,0,0,0
2667,H32080,H,299.7,309.2,1691,27.7,203,0,0,0,0,0,0
2670,H32083,H,299.7,309.3,1494,37.8,214,0,0,0,0,0,0
2713,H32126,H,299.7,309.2,1302,55.5,87,0,0,0,0,0,0
2735,H32148,H,299.7,309.2,1572,32.8,142,0,0,0,0,0,0
2751,H32164,H,299.7,309.2,1456,40.6,182,0,0,0,0,0,0
2755,H32168,H,299.6,309.1,1630,32.3,194,0,0,0,0,0,0
2790,H32203,H,300.3,309.5,1438,44.0,59,0,0,0,0,0,0
2792,H32205,H,300.4,309.6,1416,43.3,66,0,0,0,0,0,0
2841,H32254,H,300.4,309.4,1487,38.9,185,0,0,0,0,0,0
2857,H32270,H,300.5,309.3,1471,45.2,223,0,0,0,0,0,0
2861,H32274,H,300.6,309.4,1463,49.2,235,0,0,0,0,0,0
2865,H32278,H,300.6,309.4,1380,47.6,246,1,1,0,0,0,0
2866,H32279,H,300.7,309.7,1623,32.7,0,0,0,0,0,0,0
2868,H32281,H,300.7,309.6,1390,48.5,7,0,0,0,0,0,0
2874,H32287,H,300.6,309.4,1555,37.9,24,0,0,0,0,0,0
2879,H32292,H,300.5,309.4,1502,34.3,40,0,0,0,0,0,0
2887,H32300,H,300.5,309.5,1635,34.2,62,0,0,0,0,0,0
2915,H32328,H,300.6,309.6,1888,20.5,133,0,0,0,0,0,0
2931,H32344,H,300.7,309.6,1403,51.3,174,0,0,0,0,0,0
2944,H32357,H,300.7,309.5,2007,19.7,2,0,0,0,0,0,0
2946,H32359,H,300.7,309.6,1925,20.5,9,0,0,0,0,0,0
2953,H32366,H,300.7,309.5,1667,30.5,29,0,0,0,0,0,0
2955,H32368,H,300.6,309.4,1691,28.0,36,0,0,0,0,0,0
2976,H32389,H,300.5,309.4,1360,46.2,93,0,0,0,0,0,0
2979,H32392,H,300.5,309.4,1642,36.2,103,0,0,0,0,0,0
2982,H32395,H,300.4,309.4,1530,40.4,112,0,0,0,0,0,0
3001,H32414,H,300.5,309.8,1324,72.8,159,1,0,0,1,0,0
3035,H32448,H,300.6,309.7,1470,43.8,18,0,0,0,0,0,0
3054,H32467,H,300.2,309.3,1506,35.6,63,0,0,0,0,0,0
3055,H32468,H,300.2,309.3,1342,48.7,68,0,0,0,0,0,0
3069,H32482,H,300.0,309.0,1622,31.8,103,0,0,0,0,0,0
3085,H32498,H,300.1,309.4,1329,55.2,143,0,0,0,0,0,0
3090,H32503,H,300.1,309.3,1520,38.2,158,0,0,0,0,0,0
3091,H32504,H,300.1,309.3,1448,45.8,163,0,0,0,0,0,0
3102,H32515,H,299.8,309.0,1467,37.3,193,0,0,0,0,0,0
3111,H32524,H,299.9,309.2,1525,33.2,0,0,0,0,0,0,0
3121,H32534,H,300.1,309.4,1563,40.8,28,0,0,0,0,0,0
3124,H32537,H,300.0,309.4,1498,38.5,37,0,0,0,0,0,0
3134,H32547,H,300.2,309.6,1442,49.2,61,0,0,0,0,0,0
3140,H32553,H,300.4,309.9,1513,38.7,76,0,0,0,0,0,0
3141,H32554,H,300.4,309.9,2563,12.8,81,1,0,0,1,0,0
3144,H32557,H,300.6,310.0,1419,42.4,90,0,0,0,0,0,0
3149,H32562,H,300.4,309.8,1448,39.7,107,0,0,0,0,0,0
3150,H32563,H,300.4,309.7,1500,35.2,112,0,0,0,0,0,0
3160,H32573,H,300.4,309.8,1409,47.5,138,0,0,0,0,0,0
3200,H32613,H,300.1,309.1,1560,35.4,14,0,0,0,0,0,0
3215,H32628,H,300.4,309.3,1396,51.2,54,0,0,0,0,0,0
3224,H32637,H,300.6,309.5,1495,36.5,79,0,0,0,0,0,0
3234,H32647,H,300.8,309.4,1474,40.7,104,0,0,0,0,0,0
3242,H32655,H,300.9,309.5,1469,43.4,126,0,0,0,0,0,0
3251,H32664,H,301.2,309.8,1709,27.0,151,0,0,0,0,0,0
3262,H32675,H,301.3,310.1,1469,39.7,179,0,0,0,0,0,0
3265,H32678,H,301.3,310.1,1455,44.1,188,0,0,0,0,0,0
3276,H32689,H,301.3,310.0,1532,36.3,2,0,0,0,0,0,0
3285,H32698,H,301.2,309.9,1362,50.7,25,0,0,0,0,0,0
3301,H32714,H,301.3,310.4,1538,38.4,65,0,0,0,0,0,0
3342,H32755,H,301.4,310.7,1329,52.0,160,0,0,0,0,0,0
3358,H32771,H,301.6,310.7,1414,51.7,197,0,0,0,0,0,0
3368,H32781,H,301.5,310.7,1790,26.2,8,0,0,0,0,0,0
3378,H32791,H,301.5,310.8,1591,29.6,33,0,0,0,0,0,0
3384,H32797,H,301.4,310.6,1674,33.6,49,0,0,0,0,0,0
3387,H32800,H,301.5,310.8,1474,38.7,58,0,0,0,0,0,0
3391,H32804,H,301.5,310.7,1599,40.4,72,0,0,0,0,0,0
3401,H32814,H,301.4,310.7,1536,44.4,96,0,0,0,0,0,0
3419,H32832,H,301.6,310.6,1555,40.4,139,0,0,0,0,0,0
3430,H32843,H,301.5,310.5,1551,34.3,166,0,0,0,0,0,0
3431,H32844,H,301.6,310.6,1821,26.2,171,0,0,0,0,0,0
3447,H32860,H,301.6,310.6,1400,49.5,211,0,0,0,0,0,0
3453,H32866,H,301.6,310.5,1602,32.3,2,0,0,0,0,0,1
3456,H32869,H,301.4,310.3,1611,41.5,11,0,0,0,0,0,0
3457,H32870,H,301.4,310.4,1610,38.6,16,0,0,0,0,0,0
3462,H32875,H,301.6,310.4,1330,49.5,30,0,0,0,0,0,0
3463,H32876,H,301.6,310.5,1786,27.1,35,0,0,0,0,0,0
3484,H32897,H,301.9,310.8,1455,42.7,85,0,0,0,0,0,0
3492,H32905,H,301.9,310.9,1590,34.3,106,0,0,0,0,0,0
3493,H32906,H,301.9,311.0,1336,63.6,111,0,0,0,0,0,0
3501,H32914,H,301.9,311.0,1871,26.0,132,0,0,0,0,0,0
3502,H32915,H,301.9,311.0,1291,63.6,137,0,0,0,0,0,0
3507,H32920,H,301.6,310.8,1435,47.2,152,0,0,0,0,0,0
3515,H32928,H,301.9,311.0,1430,49.8,174,0,0,0,0,0,0
3527,H32940,H,301.8,310.8,1470,37.6,204,0,0,0,0,0,0
3536,H32949,H,301.9,311.0,1672,29.9,13,0,0,0,0,0,0
3571,H32984,H,301.8,310.6,1441,46.3,100,0,0,0,0,0,0
3588,H33001,H,301.8,310.5,1478,38.6,141,0,0,0,0,0,0
3593,H33006,H,301.6,310.4,1369,45.4,156,0,0,0,0,0,0
3600,H33013,H,301.7,310.5,1388,50.5,176,0,0,0,0,0,0
3621,H33034,H,301.9,311.2,1474,41.8,18,0,0,0,0,0,0
3641,H33054,H,302.4,311.6,1544,39.1,70,0,0,0,0,0,0
3674,H33087,H,302.3,311.7,1449,44.5,152,0,0,0,0,0,0
3699,H33112,H,302.2,311.3,1758,26.4,4,0,0,0,0,0,0
3718,H33131,H,302.3,311.4,1443,44.1,51,0,0,0,0,0,0
3726,H33139,H,302.3,311.1,1543,37.5,73,0,0,0,0,0,0
3737,H33150,H,302.2,311.1,1628,30.6,105,0,0,0,0,0,0
3747,H33160,H,302.5,311.3,1393,47.5,130,0,0,0,0,0,0
3753,H33166,H,302.3,311.1,1455,40.3,145,0,0,0,0,0,0
3776,H33189,H,302.5,311.1,1850,23.3,203,0,0,0,0,0,0
3784,H33197,H,302.2,310.8,1397,47.6,11,0,0,0,0,0,0
3826,H33239,H,302.2,310.7,1413,48.9,114,0,0,0,0,0,0
3827,H33240,H,302.3,310.8,1438,43.8,119,0,0,0,0,0,0
3830,H33243,H,302.3,310.9,1366,48.4,130,1,0,1,0,0,0
3852,H33265,H,302.2,310.9,1415,48.4,185,0,0,0,0,0,0
3856,H33269,H,302.4,311.1,1578,32.3,196,0,0,0,0,0,0
3858,H33271,H,302.4,311.2,1506,40.8,204,0,0,0,0,0,0
3863,H33276,H,302.5,311.5,1496,43.8,218,0,0,0,0,0,0
3866,H33279,H,302.6,311.5,1629,34.4,228,1,1,0,0,0,0
3878,H33291,H,302.6,311.7,1471,48.3,25,0,0,0,0,0,0
3885,H33298,H,302.5,311.5,1626,36.0,44,0,0,0,0,0,0
3902,H33315,H,302.2,311.1,1553,34.1,89,0,0,0,0,0,0
3904,H33317,H,302.2,311.1,1476,39.6,96,0,0,0,0,0,0
3905,H33318,H,302.2,311.1,1426,50.6,101,0,0,0,0,0,0
3910,H33323,H,302.3,311.3,1744,30.3,116,0,0,0,0,0,0
3920,H33333,H,302.5,311.5,1655,32.3,142,0,0,0,0,0,0
3928,H33341,H,302.7,311.5,1556,35.0,164,0,0,0,0,0,0
3948,H33361,H,302.2,311.3,1749,29.2,5,0,0,0,0,0,0
3964,H33377,H,302.3,311.5,1526,38.2,47,0,0,0,0,0,0
3972,H33385,H,302.2,311.4,1625,35.4,70,0,0,0,0,0,0
3976,H33389,H,302.4,311.5,1540,43.7,81,0,0,0,0,0,0
3977,H33390,H,302.3,311.4,1372,46.0,86,0,0,0,0,0,0
3991,H33404,H,302.2,311.2,1692,28.2,122,0,0,0,0,0,0
4002,H33415,H,302.1,311.2,1598,37.9,148,0,0,0,0,0,0
4022,H33435,H,302.1,310.9,1452,42.5,198,0,0,0,0,0,0
4026,H33439,H,302.1,311.0,1729,26.1,210,0,0,0,0,0,0
4030,H33443,H,302.0,310.9,1679,29.0,222,0,0,0,0,0,0
4079,H33492,H,302.1,310.7,1294,62.4,101,1,0,1,0,0,0
4086,H33499,H,302.0,310.5,1841,23.6,119,0,0,0,0,0,0
4093,H33506,H,302.0,310.5,1812,24.4,138,0,0,0,0,0,0
4096,H33509,H,302.0,310.5,1459,43.2,148,0,0,0,0,0,0
4113,H33526,H,301.9,310.5,1472,39.7,187,0,0,0,0,0,0
4116,H33529,H,302.0,310.6,1346,54.7,196,0,0,0,0,0,0
4128,H33541,H,302.0,310.6,1438,43.2,12,0,0,0,0,0,0
4140,H33553,H,301.7,310.2,1620,30.8,42,0,0,0,0,0,0
4142,H33555,H,301.7,310.1,1462,38.3,49,0,0,0,0,0,0
4162,H33575,H,301.9,310.3,1653,32.4,100,0,0,0,0,0,0
4167,H33580,H,302.3,310.6,1525,48.7,114,0,0,0,0,0,0
4191,H33604,H,302.4,310.9,1444,40.7,174,0,0,0,0,0,0
4235,H33648,H,302.2,310.9,1522,35.9,61,0,0,0,0,0,0
4252,H33665,H,302.5,310.9,1356,55.5,101,1,0,1,0,0,0
4253,H33666,H,302.6,311.0,1438,51.0,106,0,0,0,0,0,0
4261,H33674,H,302.7,311.1,1418,43.4,130,0,0,0,0,0,0
4309,H33722,H,301.4,309.9,1460,47.2,22,0,0,0,0,0,0
4315,H33728,H,301.4,310.1,1623,32.3,39,0,0,0,0,0,0
4328,H33741,H,301.7,310.1,1660,29.3,72,0,0,0,0,0,0
4337,H33750,H,301.6,309.9,1423,53.6,95,0,0,0,0,0,0
4345,H33758,H,301.8,309.9,1418,51.3,116,0,0,0,0,0,0
4348,H33761,H,301.9,309.8,1724,27.5,126,0,0,0,0,0,0
4356,H33769,H,302.0,309.8,1280,57.3,147,1,0,1,0,0,0
4359,H33772,H,302.0,309.9,1606,34.5,156,0,0,0,0,0,0
4364,H33777,H,302.1,310.1,1844,24.6,171,0,0,0,0,0,0
4365,H33778,H,302.1,310.1,1615,29.9,176,0,0,0,0,0,0
4368,H33781,H,302.0,309.9,1447,42.8,185,0,0,0,0,0,0
4370,H33783,H,302.0,309.9,1735,27.2,192,0,0,0,0,0,0
4397,H33810,H,302.3,310.1,1383,42.9,24,0,0,0,0,0,0
4402,H33815,H,302.2,310.0,1468,43.6,38,0,0,0,0,0,0
4403,H33816,H,302.3,310.2,1506,33.8,43,0,0,0,0,0,0
4421,H33834,H,302.6,310.2,1873,21.3,87,0,0,0,0,0,0
4431,H33844,H,302.3,310.1,1688,30.4,115,0,0,0,0,0,0
4432,H33845,H,302.3,310.2,1443,54.6,120,0,0,0,0,0,0
4434,H33847,H,302.4,310.2,1435,44.9,127,0,0,0,0,0,0
4456,H33869,H,302.4,310.1,1597,28.9,179,0,0,0,0,0,0
4481,H33894,H,302.7,310.4,1305,55.2,20,1,0,1,0,0,0
4483,H33896,H,302.7,310.5,1568,36.9,28,0,0,0,0,0,0
4492,H33905,H,302.6,310.4,1409,53.3,52,0,0,0,0,0,0
4495,H33908,H,302.6,310.4,1649,30.1,62,0,0,0,0,0,0
4499,H33912,H,302.6,310.4,1614,36.0,74,0,0,0,0,0,0
4500,H33913,H,302.6,310.3,1721,27.4,79,0,0,0,0,0,0
4533,H33946,H,302.5,310.4,1422,41.9,156,0,0,0,0,0,0
4566,H33979,H,302.7,310.8,1275,55.0,25,1,0,1,0,0,0
4574,H33987,H,302.8,311.0,1436,43.5,47,0,0,0,0,0,0
4592,H34005,H,302.9,311.2,2102,17.8,91,0,0,0,0,0,0
4604,H34017,H,302.9,311.0,1452,58.3,123,0,0,0,0,0,0
4606,H34019,H,302.9,311.0,1469,48.7,130,0,0,0,0,0,0
4615,H34028,H,303.0,311.2,1503,37.0,152,0,0,0,0,0,0
4620,H34033,H,303.1,311.3,2056,19.7,167,0,0,0,0,0,0
4642,H34055,H,303.1,311.3,1494,42.7,221,0,0,0,0,0,0
4663,H34076,H,303.3,311.2,1607,31.7,34,0,0,0,0,0,0
4668,H34081,H,303.3,311.4,1651,30.6,50,0,0,0,0,0,0
4669,H34082,H,303.3,311.4,1692,27.9,55,0,0,0,0,0,0
4676,H34089,H,303.5,311.5,1629,33.5,73,0,0,0,0,0,0
4678,H34091,H,303.5,311.6,1466,47.0,80,0,0,0,0,0,0
4679,H34092,H,303.6,311.7,1476,40.1,85,0,0,0,0,0,0
4702,H34115,H,303.5,311.7,1584,32.7,143,0,0,0,0,0,0
4715,H34128,H,303.4,311.8,1693,28.3,175,0,0,0,0,0,0
4746,H34159,H,303.2,311.2,1475,43.1,20,0,0,0,0,0,0
4753,H34166,H,303.3,311.3,1502,39.5,38,0,0,0,0,0,0
4754,H34167,H,303.2,311.4,1607,36.6,43,0,0,0,0,0,0
4757,H34170,H,303.4,311.7,1991,19.0,53,0,0,0,0,0,0
4762,H34175,H,303.7,311.9,1332,52.7,66,1,0,1,0,0,0
4770,H34183,H,303.6,311.9,1544,37.1,88,0,0,0,0,0,0
4779,H34192,H,303.6,312.2,1371,54.6,112,1,0,1,0,0,0
4786,H34199,H,303.9,312.7,1401,50.0,129,0,0,0,0,0,0
4789,H34202,H,303.7,312.6,1514,35.5,138,0,0,0,0,0,0
4793,H34206,H,303.7,312.7,1564,40.2,150,0,0,0,0,0,0
4794,H34207,H,303.6,312.6,1498,40.2,155,0,0,0,0,0,0
4807,H34220,H,303.6,312.5,1375,54.0,186,0,0,0,0,0,0
4816,H34229,H,303.4,311.9,1534,33.2,210,0,0,0,0,0,0
4838,H34251,H,303.3,311.8,1806,27.7,44,0,0,0,0,0,0
4839,H34252,H,303.3,311.8,1649,29.4,49,0,0,0,0,0,0
4840,H34253,H,303.4,311.9,1402,50.0,54,0,0,0,0,0,0
4849,H34262,H,303.5,312.0,1397,52.9,80,0,0,0,0,0,0
4880,H34293,H,303.7,312.5,1520,35.6,154,0,0,0,0,0,0
4885,H34298,H,303.8,312.5,1655,28.0,170,0,0,0,0,0,0
4886,H34299,H,303.8,312.5,1748,25.1,175,0,0,0,0,0,0
4895,H34308,H,303.8,312.5,1447,46.6,198,0,0,0,0,0,0
4898,H34311,H,303.8,312.5,1525,38.0,209,0,0,0,0,0,0
4899,H34312,H,303.6,312.4,1460,53.7,214,0,0,0,0,0,0
4905,H34318,H,303.6,312.4,1480,50.7,2,0,0,0,0,0,0
4907,H34320,H,303.6,312.4,1436,45.6,9,0,0,0,0,0,0
4916,H34329,H,303.5,312.3,1386,49.0,35,0,0,0,0,0,0
4917,H34330,H,303.4,312.3,1769,27.9,40,0,0,0,0,0,0
4925,H34338,H,303.4,312.3,1522,42.1,62,0,0,0,0,0,0
4934,H34347,H,303.4,312.2,1554,36.8,85,0,0,0,0,0,0
4944,H34357,H,303.6,312.6,1436,42.0,110,0,0,0,0,0,0
4973,H34386,H,303.8,312.6,1811,24.9,183,0,0,0,0,0,0
5009,H34422,H,303.7,312.8,1488,42.8,54,0,0,0,0,0,0
5040,H34453,H,304.1,313.3,1689,32.5,134,0,0,0,0,0,0
5041,H34454,H,304.1,313.2,1586,34.6,139,0,0,0,0,0,0
5049,H34462,H,304.0,313.2,1271,68.6,161,1,0,0,1,0,0
5050,H34463,H,304.0,313.1,1472,45.5,166,0,0,0,0,0,0
5051,H34464,H,304.0,313.0,1701,30.4,171,0,0,0,0,0,0
5056,H34469,H,303.8,312.9,1378,45.6,184,0,0,0,0,0,0
5064,H34477,H,304.0,312.9,1495,46.6,0,0,0,0,0,0,0
5072,H34485,H,304.2,313.0,1442,40.9,23,0,0,0,0,0,0
5083,H34496,H,304.1,313.2,1590,43.4,52,0,0,0,0,0,0
5097,H34510,H,304.2,313.5,1627,32.2,91,0,0,0,0,0,0
5123,H34536,H,304.2,313.5,1684,29.8,156,0,0,0,0,0,0
5156,H34569,H,304.2,313.3,1625,37.3,27,0,0,0,0,0,0
5158,H34571,H,304.1,313.3,1397,49.6,34,0,0,0,0,0,0
5167,H34580,H,304.2,313.5,1546,41.4,58,0,0,0,0,0,0
5169,H34582,H,304.1,313.4,1696,29.6,65,0,0,0,0,0,0
5178,H34591,H,304.0,313.1,1388,53.2,91,0,0,0,0,0,0
5179,H34592,H,304.0,313.2,1517,43.1,96,0,0,0,0,0,0
5194,H34607,H,304.0,313.1,1408,39.8,132,0,0,0,0,0,0
5197,H34610,H,303.9,313.0,1517,36.0,142,0,0,0,0,0,0
5198,H34611,H,303.8,312.9,1570,35.8,147,0,0,0,0,0,0
5207,H34620,H,303.7,312.6,1711,27.6,170,0,0,0,0,0,0
5230,H34643,H,303.9,313.1,1790,26.7,17,0,0,0,0,0,0
5283,H34696,H,303.8,313.2,1381,52.4,140,0,0,0,0,0,0
5288,H34701,H,303.8,313.2,1506,46.9,154,0,0,0,0,0,0
5297,H34710,H,303.8,313.2,1379,50.2,178,0,0,0,0,0,0
5306,H34719,H,303.9,313.2,1680,29.1,201,0,0,0,0,0,0
5307,H34720,H,304.0,313.2,1612,31.7,206,0,0,0,0,0,0
5312,H34725,H,303.7,312.9,1460,49.8,2,0,0,0,0,0,0
5333,H34746,H,303.6,312.7,1403,46.2,57,0,0,0,0,0,0
5342,H34755,H,303.5,312.8,1404,55.8,84,0,0,0,0,0,0
5356,H34769,H,303.3,312.5,1328,49.8,120,0,0,0,0,0,0
5357,H34770,H,303.3,312.6,1692,29.0,125,0,0,0,0,0,0
5359,H34772,H,303.3,312.6,1827,24.2,132,0,0,0,0,0,0
5367,H34780,H,303.1,312.6,1404,40.6,152,0,0,0,0,0,0
5370,H34783,H,303.0,312.5,1507,37.9,163,0,0,0,0,0,0
5371,H34784,H,303.0,312.4,1627,37.1,168,0,0,0,0,0,0
5373,H34786,H,302.9,312.3,1509,46.8,175,0,0,0,0,0,0
5377,H34790,H,302.8,312.3,1336,57.5,187,0,0,0,0,0,0
5386,H34799,H,302.9,312.3,1754,26.9,209,0,0,0,0,0,0
5391,H34804,H,302.8,312.3,1483,47.2,223,0,0,0,0,0,0
5400,H34813,H,302.8,312.4,1411,53.8,246,1,0,0,0,1,0
5405,H34818,H,302.8,312.5,1422,46.1,4,0,0,0,0,0,0
5414,H34827,H,302.7,312.5,1527,36.4,26,0,0,0,0,0,0
5441,H34854,H,303.0,312.5,1698,30.0,89,0,0,0,0,0,0
5451,H34864,H,303.1,312.8,1435,41.9,115,0,0,0,0,0,0
5481,H34894,H,302.7,312.1,1478,36.0,191,0,0,0,0,0,0
5496,H34909,H,302.9,312.5,1357,55.0,12,0,0,0,0,0,1
5500,H34913,H,302.9,312.3,1417,48.7,26,0,0,0,0,0,0
5504,H34917,H,302.6,312.0,1657,29.3,37,0,0,0,0,0,0
5516,H34929,H,302.7,312.0,1484,41.5,65,0,0,0,0,0,0
5540,H34953,H,302.3,311.7,1482,39.0,127,0,0,0,0,0,0
5546,H34959,H,302.2,311.6,1357,44.2,142,0,0,0,0,0,0
5550,H34963,H,302.3,311.9,1374,52.4,154,0,0,0,0,0,0
5552,H34965,H,302.4,311.9,1366,47.3,162,0,0,0,0,0,0
5553,H34966,H,302.5,312.0,1579,35.7,167,0,0,0,0,0,0
5557,H34970,H,302.5,312.0,1357,42.0,179,0,0,0,0,0,0
5576,H34989,H,302.4,312.0,1477,39.7,18,0,0,0,0,0,0
5577,H34990,H,302.4,312.0,1457,43.4,23,0,0,0,0,0,0
5615,H35028,H,303.0,312.2,1624,28.8,117,0,0,0,0,0,0
5627,H35040,H,302.7,312.1,1603,32.5,148,0,0,0,0,0,0
5648,H35061,H,302.5,311.8,2370,14.7,198,0,0,0,0,0,0
5672,H35085,H,302.2,311.6,1534,37.2,41,0,0,0,0,0,0
5673,H35086,H,302.1,311.6,1701,26.2,46,0,0,0,0,0,0
5683,H35096,H,302.3,311.6,1441,53.9,74,0,0,0,0,0,0
5685,H35098,H,302.2,311.6,1594,36.8,82,0,0,0,0,0,0
5697,H35110,H,302.5,311.9,1595,34.6,112,0,0,0,0,0,0
5704,H35117,H,302.3,311.7,1456,45.4,130,0,0,0,0,0,0
5711,H35124,H,302.2,311.7,1413,46.5,147,0,0,0,0,0,0
5716,H35129,H,302.2,311.9,1597,35.8,160,0,0,0,0,0,0
5745,H35158,H,302.2,311.5,1482,42.6,16,0,0,0,0,0,0
5750,H35163,H,302.2,311.8,1330,62.4,31,0,0,0,0,0,0
5752,H35165,H,302.3,311.8,1475,42.8,38,0,0,0,0,0,0
5753,H35166,H,302.3,311.8,1804,25.0,43,0,0,0,0,0,0
5764,H35177,H,301.8,311.2,1451,39.4,70,0,0,0,0,0,0
5774,H35187,H,301.6,311.2,1395,46.8,95,0,0,0,0,0,0
5784,H35197,H,301.8,311.1,1543,36.4,120,0,0,0,0,0,0
5810,H35223,H,301.3,311.0,1580,36.6,184,0,0,0,0,0,0
5853,H35266,H,301.2,310.9,1798,22.3,59,0,0,0,0,0,0
5857,H35270,H,301.2,310.9,1598,35.9,71,0,0,0,0,0,0
5888,H35301,H,301.4,311.1,1445,41.4,144,0,0,0,0,0,0
5900,H35313,H,300.9,310.6,1686,27.7,176,0,0,0,0,0,0
5906,H35319,H,300.8,310.5,1582,31.1,193,0,0,0,0,0,0
5908,H35321,H,300.8,310.4,1419,46.4,200,0,0,0,0,0,0
5910,H35323,H,300.7,310.2,1364,65.3,208,1,1,0,1,1,0
5914,H35327,H,300.7,310.2,1479,52.3,9,0,0,0,0,0,0
5935,H35348,H,300.6,310.5,1454,51.2,58,0,0,0,0,0,0
5964,H35377,H,300.4,310.7,1656,36.3,127,0,0,0,0,0,0
5965,H35378,H,300.5,310.8,1631,30.5,132,0,0,0,0,0,0
5966,H35379,H,300.5,310.9,1447,46.5,137,0,0,0,0,0,0
5976,H35389,H,300.5,310.7,1654,28.6,161,0,0,0,0,0,0
5977,H35390,H,300.5,310.6,1378,51.5,166,0,0,0,0,0,0
5980,H35393,H,300.6,310.7,1501,45.3,175,0,0,0,0,0,0
5984,H35397,H,300.8,310.8,1466,45.2,188,0,0,0,0,0,0
5985,H35398,H,300.7,310.8,1346,52.0,193,0,0,0,0,0,0
5989,H35402,H,300.7,310.8,1296,58.2,204,0,0,0,0,0,0
6001,H35414,H,300.4,310.2,1431,43.2,0,0,0,0,0,0,0
6011,H35424,H,300.7,310.7,1428,43.4,26,0,0,0,0,0,0
6013,H35426,H,300.8,310.9,1425,44.0,33,0,0,0,0,0,0
6015,H35428,H,300.8,310.8,1618,32.8,40,0,0,0,0,0,0
6048,H35461,H,300.9,311.0,1853,23.6,122,0,0,0,0,0,0
6055,H35468,H,300.7,310.8,1518,40.1,142,0,0,0,0,0,0
6062,H35475,H,301.1,311.1,1618,29.5,160,0,0,0,0,0,0
6098,H35511,H,300.9,310.8,1477,38.4,31,0,0,0,0,0,0
6100,H35513,H,300.9,310.7,1609,28.7,39,0,0,0,0,0,0
6132,H35545,H,301.0,311.0,1640,37.6,118,0,0,0,0,0,0
6137,H35550,H,300.9,310.8,1390,40.6,131,0,0,0,0,0,0
6165,H35578,H,300.9,310.7,1656,30.7,200,0,0,0,0,0,0
6167,H35580,H,300.9,310.7,1403,40.6,207,0,0,0,0,0,0
6171,H35584,H,300.8,310.5,1559,40.1,220,0,0,0,0,0,0
6184,H35597,H,301.0,310.9,1495,37.3,21,0,0,0,0,0,0
6192,H35605,H,301.0,310.9,1916,22.0,42,0,0,0,0,0,0
6219,H35632,H,301.0,310.6,1366,50.6,106,0,0,0,0,0,0
6220,H35633,H,301.1,310.6,1407,43.9,111,0,0,0,0,0,0
6223,H35636,H,301.1,310.8,1792,25.8,121,0,0,0,0,0,0
6227,H35640,H,301.3,311.0,1341,59.3,134,0,0,0,0,0,0
6247,H35660,H,300.8,310.3,1457,46.8,182,0,0,0,0,0,0
6294,H35707,H,301.0,310.4,1512,44.9,86,0,0,0,0,0,0
6296,H35709,H,301.1,310.6,1782,24.9,93,0,0,0,0,0,0
6304,H35717,H,301.2,310.6,1457,50.5,114,0,0,0,0,0,0
6332,H35745,H,300.5,310.0,1495,47.4,184,0,0,0,0,0,0
6341,H35754,H,300.5,309.9,1397,45.9,210,1,1,0,0,0,0
6345,H35758,H,300.2,309.8,1374,47.7,8,0,0,0,0,0,0
6370,H35783,H,300.0,309.5,1781,24.9,70,0,0,0,0,0,0
6374,H35787,H,300.0,309.5,1735,28.9,82,0,0,0,0,0,0
6376,H35789,H,300.0,309.6,1629,32.3,89,0,0,0,0,0,0
6384,H35797,H,300.2,309.7,1483,43.8,108,0,0,0,0,0,0
6385,H35798,H,300.1,309.6,1463,45.1,113,0,0,0,0,0,0
6389,H35802,H,300.3,309.9,1509,46.6,125,0,0,0,0,0,0
6390,H35803,H,300.3,309.9,1677,30.1,130,0,0,0,0,0,0
6417,H35830,H,300.4,310.1,1484,38.0,198,0,0,0,0,0,0
6419,H35832,H,300.3,309.9,1405,52.1,205,0,0,0,0,0,0
6420,H35833,H,300.3,309.9,1394,46.7,210,1,1,0,0,0,0
6449,H35862,H,300.7,310.2,1877,24.8,64,0,0,0,0,0,0
6463,H35876,H,300.6,310.0,1483,44.0,97,0,0,0,0,0,0
6464,H35877,H,300.5,310.0,1358,60.4,102,0,0,0,0,0,0
6473,H35886,H,300.4,309.6,1571,33.6,126,0,0,0,0,0,0
6474,H35887,H,300.4,309.5,1547,50.7,131,0,0,0,0,0,0
6485,H35898,H,300.6,309.8,1913,22.5,157,0,0,0,0,0,0
6488,H35901,H,300.6,309.8,1541,36.2,166,0,0,0,0,0,0
6499,H35912,H,300.8,309.9,2041,19.2,194,0,0,0,0,0,0
6507,H35920,H,301.0,310.1,1454,44.1,217,0,0,0,0,0,0
6509,H35922,H,301.0,310.1,1756,30.7,2,0,0,0,0,0,0
6517,H35930,H,301.1,310.0,1470,40.1,23,0,0,0,0,0,0
6519,H35932,H,301.0,310.0,1212,67.9,30,0,0,0,0,0,0
6531,H35944,H,301.3,310.6,1605,32.5,59,0,0,0,0,0,0
6532,H35945,H,301.2,310.7,1656,26.2,64,0,0,0,0,0,0
6533,H35946,H,301.2,310.6,1352,52.0,69,0,0,0,0,0,0
6536,H35949,H,301.2,310.5,1505,43.6,78,0,0,0,0,0,0
6550,H35963,H,301.3,310.6,1527,44.0,114,0,0,0,0,0,0
6556,H35969,H,301.5,310.7,1394,46.7,130,0,0,0,0,0,0
6560,H35973,H,301.5,310.6,1512,39.0,143,0,0,0,0,0,0
6607,H36020,H,301.5,310.5,1538,44.3,43,0,0,0,0,0,0
6612,H36025,H,301.5,310.5,1587,33.8,57,0,0,0,0,0,0
6638,H36051,H,301.5,310.5,1453,48.0,124,0,0,0,0,0,0
6653,H36066,H,301.5,310.4,1580,35.7,161,0,0,0,0,0,0
6661,H36074,H,301.4,310.5,1421,43.8,182,0,0,0,0,0,0
6668,H36081,H,301.4,310.5,1536,39.9,201,0,0,0,0,0,0
6701,H36114,H,301.6,310.9,1419,50.2,51,0,0,0,0,0,0
6713,H36126,H,301.4,310.7,1516,36.4,83,0,0,0,0,0,0
6730,H36143,H,301.5,310.9,1524,40.4,124,0,0,0,0,0,0
6739,H36152,H,301.8,311.1,1463,50.1,149,0,0,0,0,0,0
6743,H36156,H,301.7,311.2,1639,30.0,161,0,0,0,0,0,0
6749,H36162,H,301.7,311.0,2016,19.3,180,0,0,0,0,0,0
6769,H36182,H,301.3,310.8,1434,39.5,18,0,0,0,0,0,0
6775,H36188,H,301.2,310.7,1747,27.3,35,0,0,0,0,0,0
6788,H36201,H,301.1,310.6,1388,58.5,68,0,0,0,0,0,0
6815,H36228,H,300.8,310.6,1465,44.1,136,0,0,0,0,0,0
6830,H36243,H,300.9,310.9,1474,35.7,175,0,0,0,0,0,0
6837,H36250,H,301.1,311.0,1339,52.8,194,0,0,0,0,0,0
6853,H36266,H,301.0,311.2,1602,32.7,19,0,0,0,0,0,0
6862,H36275,H,301.1,311.3,2207,16.6,43,0,0,0,0,0,0
6871,H36284,H,301.0,311.3,1597,39.2,66,0,0,0,0,0,0
6875,H36288,H,300.9,311.3,1295,58.9,77,0,0,0,0,0,0
6879,H36292,H,300.9,311.2,1518,35.0,90,0,0,0,0,0,0
6880,H36293,H,300.8,311.2,2237,17.0,95,0,0,0,0,0,0
6890,H36303,H,300.9,311.4,1387,42.7,121,0,0,0,0,0,0
6915,H36328,H,300.9,311.3,1668,28.9,183,0,0,0,0,0,0
6927,H36340,H,301.1,311.6,1417,53.4,0,0,0,0,0,0,0
6938,H36351,H,300.6,311.1,1452,40.2,28,0,0,0,0,0,0
6941,H36354,H,300.8,311.4,1453,44.6,38,0,0,0,0,0,0
6951,H36364,H,300.7,311.3,1374,53.1,66,0,0,0,0,0,0
6964,H36377,H,300.7,311.0,1981,19.9,99,0,0,0,0,0,0
6982,H36395,H,300.8,311.2,1612,32.5,143,0,0,0,0,0,0
6986,H36399,H,300.8,311.1,1698,24.8,156,0,0,0,0,0,0
7003,H36416,H,300.5,310.6,1411,47.2,201,0,0,0,0,0,0
7007,H36420,H,300.6,310.6,1419,39.6,3,0,0,0,0,0,0
7015,H36428,H,300.5,310.5,1403,47.7,24,0,0,0,0,0,0
7022,H36435,H,300.7,310.6,1631,32.6,43,0,0,0,0,0,0
7026,H36439,H,300.6,310.6,1448,44.7,55,0,0,0,0,0,0
7035,H36448,H,300.6,310.6,1830,26.2,78,0,0,0,0,0,0
7040,H36453,H,300.6,310.5,1519,37.0,91,0,0,0,0,0,0
7053,H36466,H,300.6,310.4,1510,42.8,124,0,0,0,0,0,0
7054,H36467,H,300.7,310.5,1567,38.7,129,0,0,0,0,0,0
7055,H36468,H,300.7,310.5,1476,43.1,134,0,0,0,0,0,0
7061,H36474,H,300.6,310.4,1479,35.6,150,0,0,0,0,0,0
7072,H36485,H,300.7,310.6,1505,40.6,179,0,0,0,0,0,0
7094,H36507,H,300.7,310.3,1369,50.7,12,0,0,0,0,0,0
7104,H36517,H,300.8,310.3,1777,30.1,38,0,0,0,0,0,0
7108,H36521,H,300.9,310.5,1512,41.2,49,0,0,0,0,0,0
7115,H36528,H,300.9,310.4,1457,43.8,69,0,0,0,0,0,0
7143,H36556,H,300.3,309.7,1452,41.5,139,0,0,0,0,0,0
7144,H36557,H,300.3,309.7,1582,30.8,144,0,0,0,0,0,0
7152,H36565,H,300.2,309.9,1906,22.9,165,0,0,0,0,0,0
7197,H36610,H,300.1,310.1,1426,42.7,64,0,0,0,0,0,0
7219,H36632,H,299.9,309.8,1400,48.7,119,0,0,0,0,0,0
7222,H36635,H,299.7,309.6,1433,49.6,129,0,0,0,0,0,0
7229,H36642,H,299.8,309.7,1368,47.4,148,0,0,0,0,0,0
7243,H36656,H,299.9,310.1,1447,51.4,185,0,0,0,0,0,0
7253,H36666,H,300.2,310.4,1501,42.9,212,0,0,0,0,0,0
7257,H36670,H,300.2,310.3,1408,42.5,0,0,0,0,0,0,0
7279,H36692,H,300.0,310.1,1714,28.7,55,0,0,0,0,0,0
7297,H36710,H,300.0,310.4,1881,21.9,102,0,0,0,0,0,0
7312,H36725,H,300.0,310.5,1558,36.7,137,0,0,0,0,0,0
7319,H36732,H,299.9,310.3,1535,43.9,154,0,0,0,0,0,0
7321,H36734,H,299.8,310.2,1411,49.7,161,0,0,0,0,0,0
7323,H36736,H,299.8,310.2,1573,33.3,168,0,0,0,0,0,0
7331,H36744,H,299.8,310.2,1537,36.6,191,0,0,0,0,0,0
7337,H36750,H,299.9,310.5,1549,42.8,208,0,0,0,0,0,0
7349,H36762,H,299.7,310.3,1462,40.4,19,0,0,0,0,0,0
7367,H36780,H,299.6,310.1,1531,36.8,62,0,0,0,0,0,0
7388,H36801,H,299.8,310.6,1423,44.6,116,0,0,0,0,0,0
7408,H36821,H,299.8,310.9,1427,47.2,168,0,0,0,0,0,0
7444,H36857,H,300.1,311.6,1589,37.9,37,0,0,0,0,0,0
7454,H36867,H,300.3,311.7,1432,47.7,61,0,0,0,0,0,0
7464,H36877,H,300.1,311.4,1518,46.9,87,0,0,0,0,0,0
7467,H36880,H,300.3,311.6,1801,23.6,97,0,0,0,0,0,0
7468,H36881,H,300.3,311.6,1463,41.6,102,0,0,0,0,0,0
7476,H36889,H,300.3,311.6,1339,53.4,123,0,0,0,0,0,0
7482,H36895,H,300.2,311.4,1506,36.1,141,0,0,0,0,0,0
7503,H36916,H,300.3,311.7,1655,29.9,193,0,0,0,0,0,0
7526,H36939,H,300.1,311.5,1383,49.1,33,0,0,0,0,0,0
7532,H36945,H,300.1,311.4,1377,56.7,50,0,0,0,0,0,0
7547,H36960,H,300.2,311.5,1454,42.8,88,0,0,0,0,0,0
7571,H36984,H,300.2,311.0,1777,27.5,151,0,0,0,0,0,0
7583,H36996,H,300.4,311.2,1489,45.3,180,0,0,0,0,0,0
7596,H37009,H,300.5,311.2,1397,45.2,2,0,0,0,0,0,0
7606,H37019,H,300.4,311.3,2026,20.3,26,0,0,0,0,0,0
7627,H37040,H,300.5,311.6,1351,53.5,78,0,0,0,0,0,0
7638,H37051,H,300.4,311.4,1445,52.4,105,0,0,0,0,0,0
7644,H37057,H,300.4,311.4,1427,50.7,122,0,0,0,0,0,0
7650,H37063,H,300.4,311.5,1662,29.0,137,0,0,0,0,0,0
7665,H37078,H,300.5,311.7,1454,50.3,175,0,0,0,0,0,0
7693,H37106,H,300.5,311.6,1506,36.2,10,0,0,0,0,0,0
7695,H37108,H,300.6,311.7,1500,36.7,17,0,0,0,0,0,0
7697,H37110,H,300.6,311.5,1282,60.2,24,0,0,0,0,0,0
7702,H37115,H,300.8,311.7,1468,38.7,39,0,0,0,0,0,0
7704,H37117,H,300.7,311.7,1864,23.6,47,0,0,0,0,0,0
7708,H37121,H,300.5,311.4,1679,27.5,59,0,0,0,0,0,0
7719,H37132,H,300.6,311.7,1427,44.6,87,0,0,0,0,0,0
7720,H37133,H,300.6,311.7,1535,33.3,92,0,0,0,0,0,0
7721,H37134,H,300.5,311.6,1476,41.7,97,0,0,0,0,0,0
7730,H37143,H,300.7,311.9,1329,59.2,121,0,0,0,0,0,0
7737,H37150,H,300.6,312.1,1354,46.9,138,0,0,0,0,0,0
7762,H37175,H,300.4,311.6,1715,30.8,203,0,0,0,0,0,0
7766,H37179,H,300.3,311.6,1427,56.2,8,0,0,0,0,0,0
7768,H37181,H,300.2,311.4,1319,54.6,15,0,0,0,0,0,0
7773,H37186,H,300.3,311.5,1464,41.0,29,0,0,0,0,0,0
7793,H37206,H,300.1,311.4,1485,40.4,75,0,0,0,0,0,0
7796,H37209,H,300.1,311.6,1674,29.6,85,0,0,0,0,0,0
7818,H37231,H,299.8,311.3,1785,25.4,139,0,0,0,0,0,0
7823,H37236,H,299.9,311.3,1413,41.8,153,0,0,0,0,0,0
7831,H37244,H,299.9,311.2,1495,35.8,175,0,0,0,0,0,0
7849,H37262,H,300.2,311.6,1547,37.7,217,0,0,0,0,0,0
7869,H37282,H,300.4,311.9,1438,46.7,41,0,0,0,0,0,1
7877,H37290,H,300.7,312.2,1335,49.0,62,0,0,0,0,0,0
7881,H37294,H,300.7,312.4,1457,47.2,74,0,0,0,0,0,0
7883,H37296,H,300.7,312.3,1670,27.3,81,0,0,0,0,0,0
7884,H37297,H,300.7,312.3,1446,45.4,86,0,0,0,0,0,0
7915,H37328,H,300.7,312.1,1490,43.1,159,0,0,0,0,0,0
7916,H37329,H,300.8,312.1,1527,35.1,164,0,0,0,0,0,0
7925,H37338,H,300.7,311.9,1389,46.5,186,0,0,0,0,0,0
7957,H37370,H,300.9,311.9,1513,38.0,38,0,0,0,0,0,0
7958,H37371,H,300.9,311.9,2140,16.5,43,0,0,0,0,0,0
7961,H37374,H,301.1,312.2,1491,42.6,52,0,0,0,0,0,0
7977,H37390,H,301.2,312.4,1395,47.8,90,0,0,0,0,0,0
7988,H37401,H,301.0,312.2,1489,40.3,117,0,0,0,0,0,0
8010,H37423,H,300.9,312.0,2129,17.8,173,0,0,0,0,0,0
8021,H37434,H,300.9,312.0,1720,27.9,202,0,0,0,0,0,0
8024,H37437,H,300.9,312.0,1397,42.7,212,0,0,0,0,0,0
8042,H37455,H,300.8,311.9,1431,48.5,25,0,0,0,0,0,0
8050,H37463,H,300.6,311.9,1604,30.5,45,0,0,0,0,0,0
8056,H37469,H,300.2,311.6,1496,41.1,60,0,0,0,0,0,0
8061,H37474,H,300.2,311.5,1426,44.3,73,0,0,0,0,0,0
8073,H37486,H,300.5,312.0,1375,43.2,108,0,0,0,0,0,0
8081,H37494,H,300.2,311.5,1432,43.6,127,0,0,0,0,0,0
8083,H37496,H,300.1,311.5,1422,46.2,134,0,0,0,0,0,0
8095,H37508,H,300.2,311.6,1662,28.8,162,0,0,0,0,0,0
8108,H37521,H,300.3,311.9,1390,49.0,194,0,0,0,0,0,0
8111,H37524,H,300.3,311.8,2141,18.5,204,0,0,0,0,0,0
8115,H37528,H,300.4,311.8,2496,13.5,5,0,0,0,0,0,0
8124,H37537,H,300.2,311.5,1515,36.8,27,0,0,0,0,0,0
8131,H37544,H,300.0,311.2,1393,43.1,45,0,0,0,0,0,0
8132,H37545,H,299.9,311.2,1364,49.6,50,0,0,0,0,0,0
8138,H37551,H,299.5,310.8,1600,32.4,67,0,0,0,0,0,0
8160,H37573,H,299.6,310.9,1679,31.2,120,0,0,0,0,0,0
8162,H37575,H,299.6,311.0,1714,30.2,128,0,0,0,0,0,0
8168,H37581,H,299.7,311.1,1353,47.1,143,0,0,0,0,0,0
8172,H37585,H,300.0,311.4,1641,34.5,155,0,0,0,0,0,0
8174,H37587,H,299.9,311.4,1497,37.0,162,0,0,0,0,0,0
8211,H37624,H,299.2,310.7,1636,29.4,23,0,0,0,0,0,0
8213,H37626,H,299.2,310.5,1329,48.9,30,0,0,0,0,0,0
8244,H37657,H,299.1,310.4,1369,54.5,104,0,0,0,0,0,0
8257,H37670,H,299.0,310.5,1336,56.8,136,0,0,0,0,0,0
8261,H37674,H,299.1,310.6,1332,48.0,148,0,0,0,0,0,0
8262,H37675,H,299.2,310.6,1434,48.4,153,0,0,0,0,0,0
8264,H37677,H,299.2,310.6,1704,30.6,160,0,0,0,0,0,0
8266,H37679,H,299.1,310.6,1791,28.0,168,0,0,0,0,0,0
8270,H37683,H,299.2,310.8,1761,30.4,180,0,0,0,0,0,0
8278,H37691,H,298.8,310.5,1294,55.8,202,0,0,0,0,0,0
8282,H37695,H,298.9,310.6,1519,38.8,213,0,0,0,0,0,0
8284,H37697,H,298.9,310.6,1615,33.0,221,0,0,0,0,0,0
8293,H37706,H,298.9,310.5,1429,39.9,19,0,0,0,0,0,0
8299,H37712,H,298.7,310.1,1435,45.6,37,0,0,0,0,0,0
8306,H37719,H,298.8,310.1,1380,44.0,56,0,0,0,0,0,0
8316,H37729,H,298.7,309.8,1422,40.7,85,0,0,0,0,0,0
8319,H37732,H,298.7,309.7,1565,39.3,94,0,0,0,0,0,0
8324,H37737,H,298.7,309.5,1453,40.4,108,0,0,0,0,0,0
8327,H37740,H,298.6,309.5,1523,34.2,119,0,0,0,0,0,0
8344,H37757,H,298.8,309.8,1437,48.2,164,0,0,0,0,0,0
8346,H37759,H,298.8,309.8,1490,35.9,171,0,0,0,0,0,0
8382,H37795,H,298.8,310.0,1530,38.3,53,0,0,0,0,0,0
8386,H37799,H,298.8,309.8,1563,38.8,65,0,0,0,0,0,0
8397,H37810,H,298.6,309.6,1593,33.3,95,0,0,0,0,0,0
8402,H37815,H,298.5,309.4,1671,31.8,108,0,0,0,0,0,0
8418,H37831,H,298.8,310.1,1704,30.7,150,0,0,0,0,0,0
8423,H37836,H,298.9,310.3,1243,63.0,163,0,0,0,0,0,0
8432,H37845,H,298.9,310.1,1324,54.6,185,0,0,0,0,0,0
8465,H37878,H,298.6,309.7,1672,27.5,54,0,0,0,0,0,0
8469,H37882,H,298.6,309.7,1463,39.1,66,0,0,0,0,0,0
8478,H37891,H,298.5,309.6,1579,33.5,91,0,0,0,0,0,0
8503,H37916,H,298.6,309.8,1279,55.9,152,0,0,0,0,0,0
8513,H37926,H,298.3,309.6,1546,36.2,177,0,0,0,0,0,0
8523,H37936,H,298.3,309.4,1631,29.8,0,0,0,0,0,0,0
8524,H37937,H,298.3,309.3,1529,41.7,5,0,0,0,0,0,0
8543,H37956,H,298.4,309.4,1512,35.3,51,0,0,0,0,0,0
8545,H37958,H,298.5,309.4,2011,21.0,59,0,0,0,0,0,0
8571,H37984,H,297.9,308.7,1545,35.9,120,0,0,0,0,0,0
8587,H38000,H,297.3,307.9,1461,37.5,161,0,0,0,0,0,0
8602,H38015,H,297.4,308.2,1359,46.9,199,0,0,0,0,0,0
8604,H38017,H,297.3,308.0,1384,49.1,206,0,0,0,0,0,0
8620,H38033,H,297.6,308.6,1480,39.8,19,0,0,0,0,0,0
8625,H38038,H,297.5,308.4,1490,39.7,34,0,0,0,0,0,0
8630,H38043,H,297.5,308.5,1557,39.1,47,0,0,0,0,0,0
8632,H38045,H,297.3,308.3,1506,37.0,54,0,0,0,0,0,0
8651,H38064,H,297.4,308.3,1771,27.4,100,0,0,0,0,0,0
8653,H38066,H,297.3,308.3,1461,41.5,108,0,0,0,0,0,0
8665,H38078,H,297.5,308.6,1355,58.9,138,0,0,0,0,0,0
8676,H38089,H,297.3,308.6,1688,29.4,166,0,0,0,0,0,0
8686,H38099,H,297.2,308.5,1524,41.4,192,0,0,0,0,0,0
8699,H38112,H,297.3,308.7,1438,46.2,16,0,0,0,0,0,0
8731,H38144,H,297.3,308.7,1569,33.9,93,0,0,0,0,0,0
8732,H38145,H,297.2,308.6,1486,46.6,98,0,0,0,0,0,0
8740,H38153,H,297.4,308.7,1429,37.6,118,0,0,0,0,0,0
8744,H38157,H,297.4,308.7,1323,51.1,130,0,0,0,0,0,0
8763,H38176,H,297.5,308.8,1824,24.0,179,0,0,0,0,0,0
8776,H38189,H,297.5,308.6,1536,38.7,7,0,0,0,0,0,0
8778,H38191,H,297.5,308.6,1481,38.8,14,0,0,0,0,0,0
8816,H38229,H,297.3,308.5,1435,55.0,104,0,0,0,0,0,0
8818,H38231,H,297.3,308.6,1376,53.5,112,0,0,0,0,0,0
8820,H38233,H,297.4,308.7,1349,48.9,120,0,0,0,0,0,0
8822,H38235,H,297.4,308.7,1623,33.8,127,0,0,0,0,0,0
8831,H38244,H,297.3,308.7,1430,42.8,153,0,0,0,0,0,0
8832,H38245,H,297.4,308.7,1726,26.8,158,0,0,0,0,0,0
8836,H38249,H,297.4,308.8,1324,53.5,169,0,0,0,0,0,0
8844,H38257,H,297.3,308.8,1564,38.0,191,0,0,0,0,0,0
8845,H38258,H,297.4,308.9,1645,30.8,196,0,0,0,0,0,0
8867,H38280,H,297.9,308.9,1416,39.6,45,0,0,0,0,0,0
8874,H38287,H,298.0,309.1,1557,36.4,65,0,0,0,0,0,0
8876,H38289,H,298.1,309.3,1332,51.0,72,0,0,0,0,0,0
8882,H38295,H,298.0,309.2,1520,37.9,89,0,0,0,0,0,0
8896,H38309,H,297.4,308.6,1461,40.1,126,0,0,0,0,0,0
8903,H38316,H,297.4,308.7,1522,46.3,146,0,0,0,0,0,0
8925,H38338,H,297.1,308.2,1527,42.2,199,0,0,0,0,0,0
8941,H38354,H,297.3,308.3,1935,19.3,24,0,0,0,0,0,0
8976,H38389,H,296.7,307.4,1661,34.2,109,0,0,0,0,0,0
8993,H38406,H,297.2,307.9,1450,37.2,151,0,0,0,0,0,0
9014,H38427,H,297.2,308.0,1435,43.0,202,0,0,0,0,0,0
9032,H38445,H,297.5,308.4,1793,23.9,28,0,0,0,0,0,0
9035,H38448,H,297.4,308.2,1585,46.2,37,0,0,0,0,0,0
9056,H38469,H,297.3,308.4,1864,23.1,90,0,0,0,0,0,0
9061,H38474,H,297.2,308.3,1453,45.8,105,0,0,0,0,0,0
9066,H38479,H,297.2,308.4,2182,17.3,119,0,0,0,0,0,0
9069,H38482,H,297.1,308.2,1790,30.3,128,0,0,0,0,0,0
9073,H38486,H,297.2,308.1,1770,27.2,140,0,0,0,0,0,0
9080,H38493,H,297.3,308.1,1554,42.4,158,0,0,0,0,0,0
9086,H38499,H,297.1,307.9,1365,54.0,174,0,0,0,0,0,0
9100,H38513,H,297.3,308.1,1477,52.3,2,0,0,0,0,0,0
9102,H38515,H,297.3,308.2,1653,31.4,9,0,0,0,0,0,0
9117,H38530,H,297.6,308.7,1659,32.1,49,0,0,0,0,0,0
9132,H38545,H,297.6,308.6,1463,46.7,85,0,0,0,0,0,0
9136,H38549,H,297.7,308.8,1404,50.3,97,0,0,0,0,0,0
9159,H38572,H,297.4,308.4,1487,46.2,150,0,0,0,0,0,0
9161,H38574,H,297.5,308.5,1671,28.0,158,0,0,0,0,0,0
9169,H38582,H,297.6,308.8,1385,44.4,181,0,0,0,0,0,0
9174,H38587,H,297.8,308.9,1650,32.2,195,0,0,0,0,0,0
9180,H38593,H,297.9,309.1,1435,44.7,8,0,0,0,0,0,0
9217,H38630,H,297.7,308.8,1469,43.7,96,0,0,0,0,0,0
9240,H38653,H,298.2,308.8,1436,51.9,153,0,0,0,0,0,0
9251,H38664,H,298.3,309.0,1823,25.9,181,0,0,0,0,0,0
9259,H38672,H,298.3,309.0,1379,43.2,0,0,0,0,0,0,0
9262,H38675,H,298.3,309.0,1470,38.4,10,0,0,0,0,0,0
9274,H38687,H,298.2,308.7,1520,35.7,40,0,0,0,0,0,0
9279,H38692,H,298.2,308.8,1606,39.9,53,0,0,0,0,0,0
9281,H38694,H,298.2,308.8,1470,43.3,61,0,0,0,0,0,0
9297,H38710,H,298.2,309.0,1524,39.1,100,0,0,0,0,0,0
9306,H38719,H,298.3,309.1,1646,30.2,125,0,0,0,0,0,0
9313,H38726,H,298.5,309.4,1573,33.6,143,0,0,0,0,0,0
9317,H38730,H,298.5,309.4,1417,41.2,155,0,0,0,0,0,0
9329,H38742,H,298.5,309.1,2051,19.0,184,0,0,0,0,0,0
9338,H38751,H,298.5,308.9,1500,40.3,207,0,0,0,0,0,0
9339,H38752,H,298.5,309.0,1531,30.8,212,0,0,0,0,0,0
9341,H38754,H,298.4,308.9,1577,37.1,0,0,0,0,0,0,0
9343,H38756,H,298.3,308.9,1706,31.8,8,0,0,0,0,0,0
9371,H38784,H,297.7,308.4,1418,51.9,77,0,0,0,0,0,0
9376,H38789,H,297.7,308.4,1288,49.5,91,0,0,0,0,0,0
9377,H38790,H,297.7,308.4,1738,27.7,96,0,0,0,0,0,0
9378,H38791,H,297.7,308.3,1488,41.0,101,0,0,0,0,0,0
9384,H38797,H,297.5,308.1,1548,38.2,117,0,0,0,0,0,0
9388,H38801,H,297.4,307.9,1390,52.0,131,0,0,0,0,0,0
9392,H38805,H,297.6,308.2,2071,18.5,144,0,0,0,0,0,0
9394,H38807,H,297.7,308.2,1489,43.0,151,0,0,0,0,0,0
9399,H38812,H,297.7,308.2,1526,40.1,165,0,0,0,0,0,0
9409,H38822,H,297.9,308.4,1637,34.5,191,0,0,0,0,0,0
9418,H38831,H,298.1,308.4,1515,43.8,6,0,0,0,0,0,0
9429,H38842,H,298.2,308.8,1837,28.4,34,0,0,0,0,0,0
9444,H38857,H,298.0,308.8,1411,53.8,73,0,0,0,0,0,0
9447,H38860,H,298.1,308.9,1388,53.5,83,0,0,0,0,0,0
9452,H38865,H,298.0,308.7,1536,39.6,99,0,0,0,0,0,0
9454,H38867,H,298.2,309.0,1360,56.8,107,0,0,0,0,0,0
9471,H38884,H,298.6,309.4,1439,47.1,149,0,0,0,0,0,0
9480,H38893,H,298.9,309.6,1600,33.5,175,0,0,0,0,0,0
9483,H38896,H,298.8,309.6,1309,57.4,185,0,0,0,0,0,0
9484,H38897,H,298.9,309.6,1546,35.3,190,0,0,0,0,0,0
9496,H38909,H,299.3,310.0,1373,44.8,221,0,0,0,0,0,0
9498,H38911,H,299.1,309.9,1443,40.3,0,0,0,0,0,0,0
9499,H38912,H,299.2,310.1,1542,36.1,5,0,0,0,0,0,0
9507,H38920,H,299.3,310.4,1548,41.6,25,0,0,0,0,0,0
9525,H38938,H,299.0,310.3,1658,27.6,69,0,0,0,0,0,0
9531,H38944,H,299.1,310.4,1405,53.6,86,0,0,0,0,0,0
9556,H38969,H,299.4,310.8,1585,31.4,149,0,0,0,0,0,0
9575,H38988,H,299.7,310.8,1418,46.6,197,0,0,0,0,0,0
9589,H39002,H,299.3,310.4,1510,45.5,27,0,0,0,0,0,0
9596,H39009,H,299.0,310.1,1432,50.0,45,0,0,0,0,0,0
9605,H39018,H,299.0,310.2,1637,38.0,68,0,0,0,0,0,0
9625,H39038,H,299.0,310.1,1555,38.6,118,0,0,0,0,0,0
9629,H39042,H,299.0,310.0,1569,34.3,132,0,0,0,0,0,0
9630,H39043,H,299.0,310.1,2053,19.7,137,0,0,0,0,0,0
9634,H39047,H,299.1,310.1,1421,41.2,149,0,0,0,0,0,0
9639,H39052,H,299.3,310.4,1393,44.9,162,0,0,0,0,0,0
9650,H39063,H,299.1,310.0,1657,33.1,187,0,0,0,0,0,0
9656,H39069,H,299.1,310.0,1431,49.5,205,0,0,0,0,0,0
9662,H39075,H,299.0,310.0,1458,44.9,221,0,0,0,0,0,0
9673,H39086,H,299.0,310.2,1744,31.5,0,0,0,0,0,0,0
9685,H39098,H,298.9,309.9,1376,51.0,32,0,0,0,0,0,0
9712,H39125,H,299.1,310.1,1429,42.9,96,0,0,0,0,0,0
9717,H39130,H,299.0,310.0,1387,45.2,110,0,0,0,0,0,0
9723,H39136,H,298.8,309.8,1911,21.6,126,0,0,0,0,0,0
9735,H39148,H,298.9,310.1,1458,44.3,156,0,0,0,0,0,0
9750,H39163,H,298.8,310.1,1483,45.4,192,0,0,0,0,0,0
9756,H39169,H,298.5,309.7,1561,35.3,208,0,0,0,0,0,0
9767,H39180,H,298.6,309.6,1449,42.5,16,0,0,0,0,0,0
9771,H39184,H,298.6,309.5,1584,31.8,27,0,0,0,0,0,0
9775,H39188,H,298.6,309.5,1375,41.0,39,0,0,0,0,0,0
9779,H39192,H,298.7,309.7,1311,54.5,52,0,0,0,0,0,0
9784,H39197,H,298.8,309.9,1466,44.6,66,0,0,0,0,0,0
9786,H39199,H,298.7,309.7,1697,29.8,74,0,0,0,0,0,0
9788,H39201,H,298.6,309.5,1420,50.4,82,0,0,0,0,0,0
9793,H39206,H,298.5,309.4,1573,36.0,97,0,0,0,0,0,0
9794,H39207,H,298.5,309.4,1414,46.7,102,0,0,0,0,0,0
9797,H39210,H,298.4,309.3,1694,30.9,111,0,0,0,0,0,0
9801,H39214,H,298.5,309.3,1421,50.3,124,0,0,0,0,0,0
9803,H39216,H,298.4,309.3,1984,19.2,132,0,0,0,0,0,0
9815,H39228,H,298.3,309.1,1430,40.9,162,0,0,0,0,0,0
9841,H39254,H,298.3,309.2,1486,42.4,16,0,0,0,0,0,0
9845,H39258,H,298.3,309.1,1484,37.0,28,0,0,0,0,0,0
9849,H39262,H,298.5,309.2,1568,40.6,39,0,0,0,0,0,0
9855,H39268,H,298.6,309.4,1362,45.3,56,0,0,0,0,0,0
9861,H39274,H,298.7,309.6,1755,26.9,73,0,0,0,0,0,0
9871,H39284,H,299.0,309.9,1884,25.6,100,0,0,0,0,0,0
9877,H39290,H,298.8,309.7,1461,55.1,118,0,0,0,0,0,0
9884,H39297,H,298.7,309.6,1654,34.3,136,0,0,0,0,0,0
9890,H39303,H,298.8,309.6,1516,40.2,152,0,0,0,0,0,0
9893,H39306,H,298.9,309.7,1407,48.6,161,0,0,0,0,0,0
9901,H39314,H,298.7,309.2,1449,42.3,182,0,0,0,0,0,0
9903,H39316,H,298.7,309.3,1402,45.3,190,0,0,0,0,0,0
9921,H39334,H,298.5,308.7,1450,43.9,28,0,0,0,0,0,0
9923,H39336,H,298.6,308.8,1566,39.1,36,0,0,0,0,0,0
9930,H39343,H,298.4,308.4,1479,39.2,58,0,0,0,0,0,0
9937,H39350,H,298.3,308.2,1534,33.2,75,0,0,0,0,0,0
9940,H39353,H,298.3,308.1,2636,12.8,84,0,0,0,0,0,0
9971,H39384,H,298.4,308.1,1891,24.7,158,0,0,0,0,0,0
9972,H39385,H,298.5,308.2,1563,44.6,163,0,0,0,0,0,0
9979,H39392,H,298.6,308.3,1377,52.1,181,0,0,0,0,0,0
9985,H39398,H,298.7,308.4,1432,42.8,197,0,0,0,0,0,0
9986,H39399,H,298.7,308.5,1572,35.6,202,0,0,0,0,0,0
9997,H39410,H,298.9,308.4,1632,31.8,17,0,0,0,0,0,0
9999,H39412,H,299.0,308.7,1408,48.5,25,0,0,0,0,0,0
